{
  "execPath": "C:/Users/waked/.platformio/packages/toolchain-atmelavr/bin/avr-g++.exe",
  "gccDefaultCFlags": "-fsyntax-only -std=gnu11 -fno-fat-lto-objects -Os -Wall -ffunction-sections -fdata-sections -flto -mmcu=atmega1284p -DPLATFORMIO=60105 -DARDUINO_AVR_ENVIRODIY_MAYFLY -DSDI12_EXTERNAL_PCINT -DNEOSWSERIAL_EXTERNAL_PCINT -DMQTT_MAX_PACKET_SIZE=240 -DTINY_GSM_RX_BUFFER=64 -DTINY_GSM_YIELD_MS=2 -DF_CPU=8000000L -DARDUINO_ARCH_AVR -DARDUINO=10808 -D__AVR_ATmega1284P__",
  "gccDefaultCppFlags": "-fsyntax-only -fno-exceptions -fno-threadsafe-statics -fpermissive -std=gnu++11 -Os -Wall -ffunction-sections -fdata-sections -flto -mmcu=atmega1284p -DPLATFORMIO=60105 -DARDUINO_AVR_ENVIRODIY_MAYFLY -DSDI12_EXTERNAL_PCINT -DNEOSWSERIAL_EXTERNAL_PCINT -DMQTT_MAX_PACKET_SIZE=240 -DTINY_GSM_RX_BUFFER=64 -DTINY_GSM_YIELD_MS=2 -DF_CPU=8000000L -DARDUINO_ARCH_AVR -DARDUINO=10808 -D__AVR_ATmega1284P__",
  "gccErrorLimit": 15,
  "gccIncludePaths": "C:/Users/waked/OneDrive - East Carolina University/Documents/PlatformIO/Projects/GW5/include,C:/Users/waked/OneDrive - East Carolina University/Documents/PlatformIO/Projects/GW5/src/sensor_test_5,C:/Users/waked/OneDrive - East Carolina University/Documents/PlatformIO/Projects/GW5/.pio/libdeps/mayfly/EnviroDIY_ModularSensors/src,C:/Users/waked/OneDrive - East Carolina University/Documents/PlatformIO/Projects/GW5/.pio/libdeps/mayfly/Tally_Library_I2C/src,C:/Users/waked/OneDrive - East Carolina University/Documents/PlatformIO/Projects/GW5/.pio/libdeps/mayfly/YosemitechModbus/src,C:/Users/waked/OneDrive - East Carolina University/Documents/PlatformIO/Projects/GW5/.pio/libdeps/mayfly/KellerModbus/src,C:/Users/waked/OneDrive - East Carolina University/Documents/PlatformIO/Projects/GW5/.pio/libdeps/mayfly/SensorModbusMaster/src,C:/Users/waked/OneDrive - East Carolina University/Documents/PlatformIO/Projects/GW5/.pio/libdeps/mayfly/MS5803/src,C:/Users/waked/OneDrive - East Carolina University/Documents/PlatformIO/Projects/GW5/.pio/libdeps/mayfly/SDI-12/src,C:/Users/waked/OneDrive - East Carolina University/Documents/PlatformIO/Projects/GW5/.pio/libdeps/mayfly/DallasTemperature,C:/Users/waked/OneDrive - East Carolina University/Documents/PlatformIO/Projects/GW5/.pio/libdeps/mayfly/OneWire,C:/Users/waked/OneDrive - East Carolina University/Documents/PlatformIO/Projects/GW5/.pio/libdeps/mayfly/Adafruit MPL115A2,C:/Users/waked/OneDrive - East Carolina University/Documents/PlatformIO/Projects/GW5/.pio/libdeps/mayfly/Adafruit INA219,C:/Users/waked/OneDrive - East Carolina University/Documents/PlatformIO/Projects/GW5/.pio/libdeps/mayfly/DHT sensor library,C:/Users/waked/OneDrive - East Carolina University/Documents/PlatformIO/Projects/GW5/.pio/libdeps/mayfly/Adafruit BME280 Library,C:/Users/waked/OneDrive - East Carolina University/Documents/PlatformIO/Projects/GW5/.pio/libdeps/mayfly/Adafruit AM2315,C:/Users/waked/OneDrive - East Carolina University/Documents/PlatformIO/Projects/GW5/.pio/libdeps/mayfly/Adafruit ADS1X15,C:/Users/waked/OneDrive - East Carolina University/Documents/PlatformIO/Projects/GW5/.pio/libdeps/mayfly/Adafruit Unified Sensor,C:/Users/waked/OneDrive - East Carolina University/Documents/PlatformIO/Projects/GW5/.pio/libdeps/mayfly/Adafruit BusIO,C:/Users/waked/OneDrive - East Carolina University/Documents/PlatformIO/Projects/GW5/.pio/libdeps/mayfly/PubSubClient/src,C:/Users/waked/OneDrive - East Carolina University/Documents/PlatformIO/Projects/GW5/.pio/libdeps/mayfly/TinyGSM/src,C:/Users/waked/OneDrive - East Carolina University/Documents/PlatformIO/Projects/GW5/.pio/libdeps/mayfly/SdFat/src,C:/Users/waked/.platformio/packages/framework-arduino-avr/libraries/SPI/src,C:/Users/waked/OneDrive - East Carolina University/Documents/PlatformIO/Projects/GW5/.pio/libdeps/mayfly/EnableInterrupt,C:/Users/waked/OneDrive - East Carolina University/Documents/PlatformIO/Projects/GW5/.pio/libdeps/mayfly/EnableInterrupt/utility,C:/Users/waked/OneDrive - East Carolina University/Documents/PlatformIO/Projects/GW5/.pio/libdeps/mayfly/EnviroDIY_DS3231/src,C:/Users/waked/.platformio/packages/framework-arduino-avr/libraries/Wire/src,C:/Users/waked/.platformio/packages/framework-arduino-avr/cores/arduino,C:/Users/waked/.platformio/packages/framework-arduino-avr/variants/mayfly,C:/Users/waked/.platformio/packages/framework-arduino-avr/libraries/EEPROM/src,C:/Users/waked/.platformio/packages/framework-arduino-avr/libraries/HID/src,C:/Users/waked/.platformio/packages/framework-arduino-avr/libraries/SoftwareSerial/src,C:/Users/waked/.platformio/packages/toolchain-atmelavr/lib/gcc/avr/7.3.0/include,C:/Users/waked/.platformio/packages/toolchain-atmelavr/lib/gcc/avr/7.3.0/include-fixed,C:/Users/waked/.platformio/packages/toolchain-atmelavr/avr/include",
  "gccSuppressWarnings": false
}
