{
  "execPath": "C:/Users/waked/.platformio/packages/toolchain-atmelavr/bin/avr-g++.exe",
  "gccDefaultCFlags": "-fsyntax-only -std=gnu11 -fno-fat-lto-objects -Os -Wall -ffunction-sections -fdata-sections -flto -mmcu=atmega1284p -DPLATFORMIO=60105 -DARDUINO_AVR_ENVIRODIY_MAYFLY -DF_CPU=8000000L -DARDUINO_ARCH_AVR -DARDUINO=10808 -D__AVR_ATmega1284P__",
  "gccDefaultCppFlags": "-fsyntax-only -fno-exceptions -fno-threadsafe-statics -fpermissive -std=gnu++11 -Os -Wall -ffunction-sections -fdata-sections -flto -mmcu=atmega1284p -DPLATFORMIO=60105 -DARDUINO_AVR_ENVIRODIY_MAYFLY -DF_CPU=8000000L -DARDUINO_ARCH_AVR -DARDUINO=10808 -D__AVR_ATmega1284P__",
  "gccErrorLimit": 15,
  "gccIncludePaths": "C:/Users/waked/OneDrive - East Carolina University/Documents/PlatformIO/Projects/ProjectArduino/include,C:/Users/waked/OneDrive - East Carolina University/Documents/PlatformIO/Projects/ProjectArduino/src,C:/Users/waked/.platformio/packages/framework-arduino-avr/cores/arduino,C:/Users/waked/.platformio/packages/framework-arduino-avr/variants/mayfly,C:/Users/waked/.platformio/packages/framework-arduino-avr/libraries/EEPROM/src,C:/Users/waked/.platformio/packages/framework-arduino-avr/libraries/HID/src,C:/Users/waked/.platformio/packages/framework-arduino-avr/libraries/SPI/src,C:/Users/waked/.platformio/packages/framework-arduino-avr/libraries/SoftwareSerial/src,C:/Users/waked/.platformio/packages/framework-arduino-avr/libraries/Wire/src,C:/Users/waked/.platformio/packages/toolchain-atmelavr/lib/gcc/avr/7.3.0/include,C:/Users/waked/.platformio/packages/toolchain-atmelavr/lib/gcc/avr/7.3.0/include-fixed,C:/Users/waked/.platformio/packages/toolchain-atmelavr/avr/include",
  "gccSuppressWarnings": false
}
